Article_ID,Source_Type,Database/Source,Search_Date,Search_Query,Title,Authors,Year,Journal/Conference,DOI,URL,Abstract,Document_Type,Language,Duplicate_Key,Duplicate?,Notes
SCOPUS-0001,API,Scopus,2026-09-22,"TITLE-ABS-KEY((""world model"" OR ""world models"" OR ""learned dynamics model"") AND (""JEPA"" OR ""joint embedding predictive architecture"" OR ""generative world model"" OR ""diffusion world model"") AND (""video prediction"" OR ""planning"" OR ""model-based RL"")) AND PUBYEAR > 2017 AND PUBYEAR < 2027 AND DOCTYPE(ar)",What Drives Success in Physical Planning with Joint-Embedding Predictive World Models?,Terver B.,2026,Transactions on Machine Learning Research,,,,journal-article,en,what_drives_success_in_physical_planning_with_2026,,Cited by: 0
SCOPUS-0002,API,Scopus,2026-09-22,"TITLE-ABS-KEY((""world model"" OR ""world models"" OR ""learned dynamics model"") AND (""JEPA"" OR ""joint embedding predictive architecture"" OR ""generative world model"" OR ""diffusion world model"") AND (""video prediction"" OR ""planning"" OR ""model-based RL"")) AND PUBYEAR > 2017 AND PUBYEAR < 2027 AND DOCTYPE(ar)",World4RL: Diffusion World Models for Policy Refinement with Reinforcement Learning for Robotic Manipulation,Jiang Z.,2026,IEEE Robotics and Automation Letters,10.1109/LRA.2026.3728345,https://doi.org/10.1109/LRA.2026.3728345,,journal-article,en,world4rl_diffusion_world_models_for_policy_refinement_2026,,Cited by: 0
SCOPUS-0003,API,Scopus,2026-09-22,"TITLE-ABS-KEY((""world model"" OR ""world models"" OR ""learned dynamics model"") AND (""JEPA"" OR ""joint embedding predictive architecture"" OR ""generative world model"" OR ""diffusion world model"") AND (""video prediction"" OR ""planning"" OR ""model-based RL"")) AND PUBYEAR > 2017 AND PUBYEAR < 2027 AND DOCTYPE(ar)",Generative World Modeling for Risk-Aware Autonomous UAV Navigation in Dynamic Traffic Networks,Momani A.M.,2026,Computers Materials and Continua,10.32604/cmc.2026.082572,https://doi.org/10.32604/cmc.2026.082572,,journal-article,en,generative_world_modeling_for_riskaware_autonomous_uav_2026,,Cited by: 0
SCOPUS-0004,API,Scopus,2026-09-22,"TITLE-ABS-KEY((""world model"" OR ""world models"" OR ""learned dynamics model"") AND (""JEPA"" OR ""joint embedding predictive architecture"" OR ""generative world model"" OR ""diffusion world model"") AND (""video prediction"" OR ""planning"" OR ""model-based RL"")) AND PUBYEAR > 2017 AND PUBYEAR < 2027 AND DOCTYPE(ar)",Intelligent driving foundation model,Hu J.,2026,Journal of Image and Graphics,10.11834/jig.260085,https://doi.org/10.11834/jig.260085,,journal-article,en,intelligent_driving_foundation_model_2026,,Cited by: 0
SCOPUS-0005,API,Scopus,2026-09-22,"TITLE-ABS-KEY((""world model"" OR ""world models"" OR ""learned dynamics model"") AND (""JEPA"" OR ""joint embedding predictive architecture"" OR ""generative world model"" OR ""diffusion world model"") AND (""video prediction"" OR ""planning"" OR ""model-based RL"")) AND PUBYEAR > 2017 AND PUBYEAR < 2027 AND DOCTYPE(ar)",Hybrid intelligence systems for reliable automation: advancing knowledge work and autonomous operations with scalable AI architectures,Grosvenor A.,2025,Frontiers in Robotics and AI,10.3389/frobt.2025.1566623,https://doi.org/10.3389/frobt.2025.1566623,,journal-article,en,hybrid_intelligence_systems_for_reliable_automation_advancing_2025,,Cited by: 5
SCOPUS-0006,API,Scopus,2026-09-22,"TITLE-ABS-KEY((""world model"" OR ""world models"" OR ""learned dynamics model"") AND (""JEPA"" OR ""joint embedding predictive architecture"" OR ""generative world model"" OR ""diffusion world model"") AND (""video prediction"" OR ""planning"" OR ""model-based RL"")) AND PUBYEAR > 2017 AND PUBYEAR < 2027 AND DOCTYPE(ar)",Structured Dynamics in the Algorithmic Agent,Ruffini G.,2025,Entropy,10.3390/e27010090,https://doi.org/10.3390/e27010090,,journal-article,en,structured_dynamics_in_the_algorithmic_agent_2025,,Cited by: 5
SCOPUS-0007,API,Scopus,2026-09-22,"TITLE-ABS-KEY((""world model"" OR ""world models"") AND (""video"" OR ""visual"") AND (""JEPA"" OR ""generative"" OR ""diffusion"" OR ""autoregressive"")) AND PUBYEAR > 2017 AND DOCTYPE(ar)",Vision-language and generative models in traffic video safety analysis: a computational framework and research agenda,Wang C.,2026,Accident Analysis and Prevention,10.1016/j.aap.2026.108673,https://doi.org/10.1016/j.aap.2026.108673,,journal-article,en,visionlanguage_and_generative_models_in_traffic_video_2026,,Cited by: 0
SCOPUS-0008,API,Scopus,2026-09-22,"TITLE-ABS-KEY((""world model"" OR ""world models"") AND (""video"" OR ""visual"") AND (""JEPA"" OR ""generative"" OR ""diffusion"" OR ""autoregressive"")) AND PUBYEAR > 2017 AND DOCTYPE(ar)",Toward stable world models: Measuring and addressing world instability in generative environments,Kwon S.,2026,Pattern Recognition,10.1016/j.patcog.2026.113351,https://doi.org/10.1016/j.patcog.2026.113351,,journal-article,en,toward_stable_world_models_measuring_and_addressing_2026,,Cited by: 0
SCOPUS-0009,API,Scopus,2026-09-22,"TITLE-ABS-KEY((""world model"" OR ""world models"") AND (""video"" OR ""visual"") AND (""JEPA"" OR ""generative"" OR ""diffusion"" OR ""autoregressive"")) AND PUBYEAR > 2017 AND DOCTYPE(ar)",Simulating the Real World: A Unified Survey of Multimodal Generative Models,Hu Y.,2026,IEEE Transactions on Pattern Analysis and Machine Intelligence,10.1109/TPAMI.2026.3690925,https://doi.org/10.1109/TPAMI.2026.3690925,,journal-article,en,simulating_the_real_world_a_unified_survey_2026,,Cited by: 0
SCOPUS-0010,API,Scopus,2026-09-22,"TITLE-ABS-KEY((""world model"" OR ""world models"") AND (""video"" OR ""visual"") AND (""JEPA"" OR ""generative"" OR ""diffusion"" OR ""autoregressive"")) AND PUBYEAR > 2017 AND DOCTYPE(ar)",Can World Foundation Models Generate Realistic Driving Videos? A Case Study on Pedestrian Crossing Scenarios,Zhou C.,2026,Electronics Switzerland,10.3390/electronics15143033,https://doi.org/10.3390/electronics15143033,,journal-article,en,can_world_foundation_models_generate_realistic_driving_2026,,Cited by: 0
SCOPUS-0011,API,Scopus,2026-09-22,"TITLE-ABS-KEY((""world model"" OR ""world models"") AND (""video"" OR ""visual"") AND (""JEPA"" OR ""generative"" OR ""diffusion"" OR ""autoregressive"")) AND PUBYEAR > 2017 AND DOCTYPE(ar)",Story Weave: Multimodal Generative–interactive Narratives with Playable 2D/3D Assets,Wadmare S.K.V.,2026,International Journal of Intelligent Engineering and Systems,10.22266/ijies2026.0331.20,https://doi.org/10.22266/ijies2026.0331.20,,journal-article,en,story_weave_multimodal_generativeinteractive_narratives_with_playable_2026,,Cited by: 0
SCOPUS-0012,API,Scopus,2026-09-22,"TITLE-ABS-KEY((""world model"" OR ""world models"") AND (""video"" OR ""visual"") AND (""JEPA"" OR ""generative"" OR ""diffusion"" OR ""autoregressive"")) AND PUBYEAR > 2017 AND DOCTYPE(ar)",OccTENS: 3D Occupancy World Model via Temporal Next-Scale Prediction,Jin B.,2026,IEEE Robotics and Automation Letters,10.1109/LRA.2026.3655202,https://doi.org/10.1109/LRA.2026.3655202,,journal-article,en,occtens_3d_occupancy_world_model_via_temporal_2026,,Cited by: 0
SCOPUS-0013,API,Scopus,2026-09-22,"TITLE-ABS-KEY((""world model"" OR ""world models"") AND (""video"" OR ""visual"") AND (""JEPA"" OR ""generative"" OR ""diffusion"" OR ""autoregressive"")) AND PUBYEAR > 2017 AND DOCTYPE(ar)",FlowDreamer: A RGB-D World Model With Flow-Based Motion Representations for Robot Manipulation,Guo J.,2026,IEEE Robotics and Automation Letters,10.1109/LRA.2026.3653273,https://doi.org/10.1109/LRA.2026.3653273,,journal-article,en,flowdreamer_a_rgbd_world_model_with_flowbased_2026,,Cited by: 2
SCOPUS-0014,API,Scopus,2026-09-22,"TITLE-ABS-KEY((""world model"" OR ""world models"") AND (""video"" OR ""visual"") AND (""JEPA"" OR ""generative"" OR ""diffusion"" OR ""autoregressive"")) AND PUBYEAR > 2017 AND DOCTYPE(ar)",Action-Controlled Scale-Wise Flow Matching for Embodied World Models,Wang S.,2026,IEEE Transactions on Pattern Analysis and Machine Intelligence,10.1109/TPAMI.2026.3727986,https://doi.org/10.1109/TPAMI.2026.3727986,,journal-article,en,actioncontrolled_scalewise_flow_matching_for_embodied_world_2026,,Cited by: 0
SCOPUS-0015,API,Scopus,2026-09-22,"TITLE-ABS-KEY((""world model"" OR ""world models"") AND (""video"" OR ""visual"") AND (""JEPA"" OR ""generative"" OR ""diffusion"" OR ""autoregressive"")) AND PUBYEAR > 2017 AND DOCTYPE(ar)",OccSora: 4D Occupancy Generation Models as World Simulators for Autonomous Driving,Wang L.,2026,IEEE Transactions on Image Processing,10.1109/TIP.2026.3687468,https://doi.org/10.1109/TIP.2026.3687468,,journal-article,en,occsora_4d_occupancy_generation_models_as_world_2026,,Cited by: 1
SCOPUS-0016,API,Scopus,2026-09-22,"TITLE-ABS-KEY((""world model"" OR ""world models"") AND (""video"" OR ""visual"") AND (""JEPA"" OR ""generative"" OR ""diffusion"" OR ""autoregressive"")) AND PUBYEAR > 2017 AND DOCTYPE(ar)",OcularWorldSim: A Visual World Model for Ophthalmic Microsurgery With Sim-to-Real Transfer Learning,Chen H.,2026,IEEE Access,10.1109/ACCESS.2026.3684562,https://doi.org/10.1109/ACCESS.2026.3684562,,journal-article,en,ocularworldsim_a_visual_world_model_for_ophthalmic_2026,,Cited by: 0
SCOPUS-0017,API,Scopus,2026-09-22,"TITLE-ABS-KEY((""world model"" OR ""world models"") AND (""video"" OR ""visual"") AND (""JEPA"" OR ""generative"" OR ""diffusion"" OR ""autoregressive"")) AND PUBYEAR > 2017 AND DOCTYPE(ar)",A Trajectory-Guided Diffusion Model for Consistent and Realistic Video Synthesis in Autonomous Driving,Yu B.,2026,CMES Computer Modeling in Engineering and Sciences,10.32604/cmes.2026.076439,https://doi.org/10.32604/cmes.2026.076439,,journal-article,en,a_trajectoryguided_diffusion_model_for_consistent_and_2026,,Cited by: 1
SCOPUS-0018,API,Scopus,2026-09-22,"TITLE-ABS-KEY((""world model"" OR ""world models"") AND (""video"" OR ""visual"") AND (""JEPA"" OR ""generative"" OR ""diffusion"" OR ""autoregressive"")) AND PUBYEAR > 2017 AND DOCTYPE(ar)",Latent Prediction-Based Generative Semantic Communication for Video Transmission in Wireless Networks,Lokumarambage M.,2026,IEEE Open Journal of the Communications Society,10.1109/OJCOMS.2026.3684230,https://doi.org/10.1109/OJCOMS.2026.3684230,,journal-article,en,latent_predictionbased_generative_semantic_communication_for_video_2026,,Cited by: 1
SCOPUS-0019,API,Scopus,2026-09-22,"TITLE-ABS-KEY((""world model"" OR ""world models"") AND (""video"" OR ""visual"") AND (""JEPA"" OR ""generative"" OR ""diffusion"" OR ""autoregressive"")) AND PUBYEAR > 2017 AND DOCTYPE(ar)",FlowVLA: Visual Chain of Thought-Based Motion Reasoning for Vision-Language-Action Models,Zhong Z.,2026,IEEE Transactions on Robotics,10.1109/TRO.2026.3732824,https://doi.org/10.1109/TRO.2026.3732824,,journal-article,en,flowvla_visual_chain_of_thoughtbased_motion_reasoning_2026,,Cited by: 0
SCOPUS-0020,API,Scopus,2026-09-22,"TITLE-ABS-KEY((""world model"" OR ""world models"") AND (""video"" OR ""visual"") AND (""JEPA"" OR ""generative"" OR ""diffusion"" OR ""autoregressive"")) AND PUBYEAR > 2017 AND DOCTYPE(ar)",Mitigating Covariate Shift in Offline Imitation Learning via Trajectory Synthesis,Wang S.,2026,IEEE Transactions on Automation Science and Engineering,10.1109/TASE.2026.3729780,https://doi.org/10.1109/TASE.2026.3729780,,journal-article,en,mitigating_covariate_shift_in_offline_imitation_learning_2026,,Cited by: 0
SCOPUS-0021,API,Scopus,2026-09-22,"TITLE-ABS-KEY((""world model"" OR ""world models"") AND (""video"" OR ""visual"") AND (""JEPA"" OR ""generative"" OR ""diffusion"" OR ""autoregressive"")) AND PUBYEAR > 2017 AND DOCTYPE(ar)",Semantic Communications With World Models,Jiang P.,2026,IEEE Transactions on Communications,10.1109/TCOMM.2026.3714287,https://doi.org/10.1109/TCOMM.2026.3714287,,journal-article,en,semantic_communications_with_world_models_2026,,Cited by: 0
SCOPUS-0022,API,Scopus,2026-09-22,"TITLE-ABS-KEY((""world model"" OR ""world models"") AND (""video"" OR ""visual"") AND (""JEPA"" OR ""generative"" OR ""diffusion"" OR ""autoregressive"")) AND PUBYEAR > 2017 AND DOCTYPE(ar)",Progress in audio-driven digital human technologies,Li W.,2026,Journal of Image and Graphics,10.11834/jig.260103,https://doi.org/10.11834/jig.260103,,journal-article,en,progress_in_audiodriven_digital_human_technologies_2026,,Cited by: 0
SCOPUS-0023,API,Scopus,2026-09-22,"TITLE-ABS-KEY((""world model"" OR ""world models"") AND (""video"" OR ""visual"") AND (""JEPA"" OR ""generative"" OR ""diffusion"" OR ""autoregressive"")) AND PUBYEAR > 2017 AND DOCTYPE(ar)","Cross-modal 3D Generation: principles, methods, and recent advances",Chen Z.,2026,Journal of Image and Graphics,10.11834/jig.250655,https://doi.org/10.11834/jig.250655,,journal-article,en,crossmodal_3d_generation_principles_methods_and_recent_2026,,Cited by: 0
SCOPUS-0024,API,Scopus,2026-09-22,"TITLE-ABS-KEY((""world model"" OR ""world models"") AND (""video"" OR ""visual"") AND (""JEPA"" OR ""generative"" OR ""diffusion"" OR ""autoregressive"")) AND PUBYEAR > 2017 AND DOCTYPE(ar)",Trajectory planning for autonomous driving: a survey,Li C.,2026,Journal of Image and Graphics,10.11834/jig.240774,https://doi.org/10.11834/jig.240774,,journal-article,en,trajectory_planning_for_autonomous_driving_a_survey_2026,,Cited by: 0
SCOPUS-0025,API,Scopus,2026-09-22,"TITLE-ABS-KEY((""world model"" OR ""world models"") AND (""video"" OR ""visual"") AND (""JEPA"" OR ""generative"" OR ""diffusion"" OR ""autoregressive"")) AND PUBYEAR > 2017 AND DOCTYPE(ar)","Survey on intelligent generation of traffic data towards advanced smart driving: models, systems, and evaluation",Zhao Y.,2026,Journal of Image and Graphics,10.11834/jig.250644,https://doi.org/10.11834/jig.250644,,journal-article,en,survey_on_intelligent_generation_of_traffic_data_2026,,Cited by: 0
SCOPUS-0026,API,Scopus,2026-09-22,"TITLE-ABS-KEY((""world model"" OR ""world models"") AND (""video"" OR ""visual"") AND (""JEPA"" OR ""generative"" OR ""diffusion"" OR ""autoregressive"")) AND PUBYEAR > 2017 AND DOCTYPE(ar)",Foundation Models in Autonomous Driving: A Survey on Scenario Generation and Scenario Analysis,Gao Y.,2026,IEEE Open Journal of Intelligent Transportation Systems,10.1109/OJITS.2026.3660686,https://doi.org/10.1109/OJITS.2026.3660686,,journal-article,en,foundation_models_in_autonomous_driving_a_survey_2026,,Cited by: 15
SCOPUS-0027,API,Scopus,2026-09-22,"TITLE-ABS-KEY((""world model"" OR ""world models"") AND (""video"" OR ""visual"") AND (""JEPA"" OR ""generative"" OR ""diffusion"" OR ""autoregressive"")) AND PUBYEAR > 2017 AND DOCTYPE(ar)",World model-based end-to-end scene generation for accident anticipation in autonomous driving,Guan Y.,2025,Communications Engineering,10.1038/s44172-025-00474-7,https://doi.org/10.1038/s44172-025-00474-7,,journal-article,en,world_modelbased_endtoend_scene_generation_for_accident_2025,,Cited by: 4
SCOPUS-0028,API,Scopus,2026-09-22,"TITLE-ABS-KEY((""world model"" OR ""world models"") AND (""video"" OR ""visual"") AND (""JEPA"" OR ""generative"" OR ""diffusion"" OR ""autoregressive"")) AND PUBYEAR > 2017 AND DOCTYPE(ar)",A survey of visual intelligence development,Wei Y.,2025,Beijing Jiaotong Daxue Xuebao Journal of Beijing Jiaotong University,10.11860/j.issn.1673-0291.20250133,https://doi.org/10.11860/j.issn.1673-0291.20250133,,journal-article,en,a_survey_of_visual_intelligence_development_2025,,Cited by: 1
SCOPUS-0029,API,Scopus,2026-09-22,"TITLE-ABS-KEY((""world model"" OR ""world models"") AND (""video"" OR ""visual"") AND (""JEPA"" OR ""generative"" OR ""diffusion"" OR ""autoregressive"")) AND PUBYEAR > 2017 AND DOCTYPE(ar)",Research trends and major developments in 3D vision in 2024,Liu Y.,2025,Journal of Image and Graphics,10.11834/jig.250057,https://doi.org/10.11834/jig.250057,,journal-article,en,research_trends_and_major_developments_in_3d_2025,,Cited by: 4
SCOPUS-0030,API,Scopus,2026-09-22,"TITLE-ABS-KEY((""world model"" OR ""world models"") AND (""video"" OR ""visual"") AND (""JEPA"" OR ""generative"" OR ""diffusion"" OR ""autoregressive"")) AND PUBYEAR > 2017 AND DOCTYPE(ar)",FusDreamer: Label-Efficient Remote Sensing World Model for Multimodal Data Classification,Wang J.,2025,IEEE Transactions on Geoscience and Remote Sensing,10.1109/TGRS.2025.3554862,https://doi.org/10.1109/TGRS.2025.3554862,,journal-article,en,fusdreamer_labelefficient_remote_sensing_world_model_for_2025,,Cited by: 31
SCOPUS-0031,API,Scopus,2026-09-22,"TITLE-ABS-KEY((""world model"" OR ""world models"") AND (""video"" OR ""visual"") AND (""JEPA"" OR ""generative"" OR ""diffusion"" OR ""autoregressive"")) AND PUBYEAR > 2017 AND DOCTYPE(ar)",Proprioception-conditioned Visual Scene Generation for Robot World Modeling via Contrastive Learning and Diffusion,Kim S.H.,2025,Journal of Institute of Control Robotics and Systems,10.5302/J.ICROS.2025.25.0050,https://doi.org/10.5302/J.ICROS.2025.25.0050,,journal-article,en,proprioceptionconditioned_visual_scene_generation_for_robot_world_2025,,Cited by: 0
SCOPUS-0032,API,Scopus,2026-09-22,"TITLE-ABS-KEY((""world model"" OR ""world models"") AND (""video"" OR ""visual"") AND (""JEPA"" OR ""generative"" OR ""diffusion"" OR ""autoregressive"")) AND PUBYEAR > 2017 AND DOCTYPE(ar)",A Survey on Future Frame Synthesis: Bridging Deterministic and Generative Approaches,Ming R.,2025,Transactions on Machine Learning Research,,,,journal-article,en,a_survey_on_future_frame_synthesis_bridging_2025,,Cited by: 0
SCOPUS-0033,API,Scopus,2026-09-22,"TITLE-ABS-KEY((""world model"" OR ""world models"") AND (""video"" OR ""visual"") AND (""JEPA"" OR ""generative"" OR ""diffusion"" OR ""autoregressive"")) AND PUBYEAR > 2017 AND DOCTYPE(ar)",MetaEarth: A Generative Foundation Model for Global-Scale Remote Sensing Image Generation,Yu Z.,2025,IEEE Transactions on Pattern Analysis and Machine Intelligence,10.1109/TPAMI.2024.3507010,https://doi.org/10.1109/TPAMI.2024.3507010,,journal-article,en,metaearth_a_generative_foundation_model_for_globalscale_2025,,Cited by: 45
SCOPUS-0034,API,Scopus,2026-09-22,"TITLE-ABS-KEY((""world model"" OR ""world models"") AND (""video"" OR ""visual"") AND (""JEPA"" OR ""generative"" OR ""diffusion"" OR ""autoregressive"")) AND PUBYEAR > 2017 AND DOCTYPE(ar)",Modeling Interactions between Autonomous Agents in a Multi-Agent Self-Awareness Architecture,Alemaw A.S.,2025,IEEE Transactions on Multimedia,10.1109/TMM.2025.3543110,https://doi.org/10.1109/TMM.2025.3543110,,journal-article,en,modeling_interactions_between_autonomous_agents_in_a_2025,,Cited by: 10
SCOPUS-0035,API,Scopus,2026-09-22,"TITLE-ABS-KEY((""world model"" OR ""world models"") AND (""video"" OR ""visual"") AND (""JEPA"" OR ""generative"" OR ""diffusion"" OR ""autoregressive"")) AND PUBYEAR > 2017 AND DOCTYPE(ar)",Survey on embodied intelligence: advances in vision-language-action models,Liu R.,2025,Journal of Image and Graphics,10.11834/jig.250544,https://doi.org/10.11834/jig.250544,,journal-article,en,survey_on_embodied_intelligence_advances_in_visionlanguageaction_2025,,Cited by: 0
SCOPUS-0036,API,Scopus,2026-09-22,"TITLE-ABS-KEY((""world model"" OR ""world models"") AND (""video"" OR ""visual"") AND (""JEPA"" OR ""generative"" OR ""diffusion"" OR ""autoregressive"")) AND PUBYEAR > 2017 AND DOCTYPE(ar)",Delving Into Multi-Modal Multi-Task Foundation Models for Road Scene Understanding: From Learning Paradigm Perspectives,Luo S.,2024,IEEE Transactions on Intelligent Vehicles,10.1109/TIV.2024.3406372,https://doi.org/10.1109/TIV.2024.3406372,,journal-article,en,delving_into_multimodal_multitask_foundation_models_for_2024,,Cited by: 28
SCOPUS-0037,API,Scopus,2026-09-22,"TITLE-ABS-KEY((""world model"" OR ""world models"") AND (""video"" OR ""visual"") AND (""JEPA"" OR ""generative"" OR ""diffusion"" OR ""autoregressive"")) AND PUBYEAR > 2017 AND DOCTYPE(ar)",From Perception to Creation: Exploring Frontier of Image and Video Generation Methods,Lin L.,2023,Guangxue Xuebao Acta Optica Sinica,10.3788/AOS230758,https://doi.org/10.3788/AOS230758,,journal-article,en,from_perception_to_creation_exploring_frontier_of_2023,,Cited by: 5
SCOPUS-0038,API,Scopus,2026-09-22,"TITLE-ABS-KEY((""world model"" OR ""world models"") AND (""video"" OR ""visual"") AND (""JEPA"" OR ""generative"" OR ""diffusion"" OR ""autoregressive"")) AND PUBYEAR > 2017 AND DOCTYPE(ar)",Scene Interpretation Method using Transformer and Self-supervised Learning,Kobayashi Y.,2022,Transactions of the Japanese Society for Artificial Intelligence,10.1527/tjsai.37-2_I-L75,https://doi.org/10.1527/tjsai.37-2_I-L75,,journal-article,en,scene_interpretation_method_using_transformer_and_selfsupervised_2022,,Cited by: 0
SCOPUS-0039,API,Scopus,2026-09-22,"TITLE-ABS-KEY((""JEPA"" OR ""joint embedding predictive architecture"" OR ""V-JEPA"" OR ""I-JEPA"") AND (""video"" OR ""visual"" OR ""image"" OR ""representation"")) AND PUBYEAR > 2017 AND DOCTYPE(ar)",Learning general representation of 12-lead ECG with a joint-embedding predictive architecture,Kim S.,2027,Neural Networks,10.1016/j.neunet.2026.109334,https://doi.org/10.1016/j.neunet.2026.109334,,journal-article,en,learning_general_representation_of_12lead_ecg_with_2027,,Cited by: 0
SCOPUS-0040,API,Scopus,2026-09-22,"TITLE-ABS-KEY((""JEPA"" OR ""joint embedding predictive architecture"" OR ""V-JEPA"" OR ""I-JEPA"") AND (""video"" OR ""visual"" OR ""image"" OR ""representation"")) AND PUBYEAR > 2017 AND DOCTYPE(ar)",Shifting the retinal foundation models paradigm from slices to volumes for optical coherence tomography,Judkiewicz R.,2026,Npj Digital Medicine,10.1038/s41746-026-02496-7,https://doi.org/10.1038/s41746-026-02496-7,,journal-article,en,shifting_the_retinal_foundation_models_paradigm_from_2026,,Cited by: 0
SCOPUS-0041,API,Scopus,2026-09-22,"TITLE-ABS-KEY((""JEPA"" OR ""joint embedding predictive architecture"" OR ""V-JEPA"" OR ""I-JEPA"") AND (""video"" OR ""visual"" OR ""image"" OR ""representation"")) AND PUBYEAR > 2017 AND DOCTYPE(ar)",Toward generalizable foundation models for 3D BIM geometry using a joint embedding predictive architecture,Shi J.W.L.,2026,Automation in Construction,10.1016/j.autcon.2026.107169,https://doi.org/10.1016/j.autcon.2026.107169,,journal-article,en,toward_generalizable_foundation_models_for_3d_bim_2026,,Cited by: 0
SCOPUS-0042,API,Scopus,2026-09-22,"TITLE-ABS-KEY((""JEPA"" OR ""joint embedding predictive architecture"" OR ""V-JEPA"" OR ""I-JEPA"") AND (""video"" OR ""visual"" OR ""image"" OR ""representation"")) AND PUBYEAR > 2017 AND DOCTYPE(ar)",Adaptive Sports Optimization Framework Based on I-JEPA: Standing Long Jump Performance Prediction and PSO Trajectory Optimization,Yao Y.,2026,Neural Processing Letters,10.1007/s11063-026-11865-y,https://doi.org/10.1007/s11063-026-11865-y,,journal-article,en,adaptive_sports_optimization_framework_based_on_ijepa_2026,,Cited by: 0
SCOPUS-0043,API,Scopus,2026-09-22,"TITLE-ABS-KEY((""JEPA"" OR ""joint embedding predictive architecture"" OR ""V-JEPA"" OR ""I-JEPA"") AND (""video"" OR ""visual"" OR ""image"" OR ""representation"")) AND PUBYEAR > 2017 AND DOCTYPE(ar)",UA-JEPA: Uncertainty-aware joint-embedding predictive learning for remote sensing image retrieval,Junghare A.,2026,Pattern Recognition Letters,10.1016/j.patrec.2026.08.007,https://doi.org/10.1016/j.patrec.2026.08.007,,journal-article,en,uajepa_uncertaintyaware_jointembedding_predictive_learning_for_remote_2026,,Cited by: 0
SCOPUS-0044,API,Scopus,2026-09-22,"TITLE-ABS-KEY((""JEPA"" OR ""joint embedding predictive architecture"" OR ""V-JEPA"" OR ""I-JEPA"") AND (""video"" OR ""visual"" OR ""image"" OR ""representation"")) AND PUBYEAR > 2017 AND DOCTYPE(ar)",Self-supervised learning for BIM element classification using a joint embedding predictive architecture,Shi J.W.L.,2026,Automation in Construction,10.1016/j.autcon.2026.107075,https://doi.org/10.1016/j.autcon.2026.107075,,journal-article,en,selfsupervised_learning_for_bim_element_classification_using_2026,,Cited by: 1
SCOPUS-0045,API,Scopus,2026-09-22,"TITLE-ABS-KEY((""JEPA"" OR ""joint embedding predictive architecture"" OR ""V-JEPA"" OR ""I-JEPA"") AND (""video"" OR ""visual"" OR ""image"" OR ""representation"")) AND PUBYEAR > 2017 AND DOCTYPE(ar)",Probabilistic image-based joint embedding predictive architecture,Gogos L.,2026,Pattern Recognition Letters,10.1016/j.patrec.2026.07.005,https://doi.org/10.1016/j.patrec.2026.07.005,,journal-article,en,probabilistic_imagebased_joint_embedding_predictive_architecture_2026,,Cited by: 0
SCOPUS-0046,API,Scopus,2026-09-22,"TITLE-ABS-KEY((""JEPA"" OR ""joint embedding predictive architecture"" OR ""V-JEPA"" OR ""I-JEPA"") AND (""video"" OR ""visual"" OR ""image"" OR ""representation"")) AND PUBYEAR > 2017 AND DOCTYPE(ar)",A JEPA-Inspired Span-Masked Framework for Language Representation Learning: Revisiting Cosine Similarity and VICReg Regularization,Jareanpon C.,2026,Applied Sciences Switzerland,10.3390/app16178530,https://doi.org/10.3390/app16178530,,journal-article,en,a_jepainspired_spanmasked_framework_for_language_representation_2026,,Cited by: 0
SCOPUS-0047,API,Scopus,2026-09-22,"TITLE-ABS-KEY((""JEPA"" OR ""joint embedding predictive architecture"" OR ""V-JEPA"" OR ""I-JEPA"") AND (""video"" OR ""visual"" OR ""image"" OR ""representation"")) AND PUBYEAR > 2017 AND DOCTYPE(ar)",Object Detection and Scene Perception for Connected and Autonomous Vehicles Using LM-JEPA,Gupta A.,2026,Sensors,10.3390/s26154894,https://doi.org/10.3390/s26154894,,journal-article,en,object_detection_and_scene_perception_for_connected_2026,,Cited by: 0
SCOPUS-0048,API,Scopus,2026-09-22,"TITLE-ABS-KEY((""JEPA"" OR ""joint embedding predictive architecture"" OR ""V-JEPA"" OR ""I-JEPA"") AND (""video"" OR ""visual"" OR ""image"" OR ""representation"")) AND PUBYEAR > 2017 AND DOCTYPE(ar)",Sensor-specialized JEPA foundation models complement planetary-scale embeddings for agentic hydrologic reasoning,Rahman M.,2026,Remote Sensing Applications Society and Environment,10.1016/j.rsase.2026.102136,https://doi.org/10.1016/j.rsase.2026.102136,,journal-article,en,sensorspecialized_jepa_foundation_models_complement_planetaryscale_embeddings_2026,,Cited by: 0
SCOPUS-0049,API,Scopus,2026-09-22,"TITLE-ABS-KEY((""JEPA"" OR ""joint embedding predictive architecture"" OR ""V-JEPA"" OR ""I-JEPA"") AND (""video"" OR ""visual"" OR ""image"" OR ""representation"")) AND PUBYEAR > 2017 AND DOCTYPE(ar)",M-JEPA: Predictive Self-Supervised Learning for Molecular Graphs with Scaffold-Shift Evaluation on Tox21,Iyer K.,2026,Journal of Chemical Information and Modeling,10.1021/acs.jcim.6c00828,https://doi.org/10.1021/acs.jcim.6c00828,,journal-article,en,mjepa_predictive_selfsupervised_learning_for_molecular_graphs_2026,,Cited by: 0
SCOPUS-0050,API,Scopus,2026-09-22,"TITLE-ABS-KEY((""JEPA"" OR ""joint embedding predictive architecture"" OR ""V-JEPA"" OR ""I-JEPA"") AND (""video"" OR ""visual"" OR ""image"" OR ""representation"")) AND PUBYEAR > 2017 AND DOCTYPE(ar)",GOT-JEPA: Generic Object Tracking with Model Adaptation and Occlusion Handling Using Joint-Embedding Predictive Architecture,Chen S.F.,2026,IEEE Transactions on Circuits and Systems for Video Technology,10.1109/TCSVT.2026.3675005,https://doi.org/10.1109/TCSVT.2026.3675005,,journal-article,en,gotjepa_generic_object_tracking_with_model_adaptation_2026,,Cited by: 0
SCOPUS-0051,API,Scopus,2026-09-22,"TITLE-ABS-KEY((""JEPA"" OR ""joint embedding predictive architecture"" OR ""V-JEPA"" OR ""I-JEPA"") AND (""video"" OR ""visual"" OR ""image"" OR ""representation"")) AND PUBYEAR > 2017 AND DOCTYPE(ar)",A latent-dynamics self-supervised framework for limited-label fault diagnosis in cyclostationary vibration measurements,Cabrera D.,2026,Array,10.1016/j.array.2026.100962,https://doi.org/10.1016/j.array.2026.100962,,journal-article,en,a_latentdynamics_selfsupervised_framework_for_limitedlabel_fault_2026,,Cited by: 0
SCOPUS-0052,API,Scopus,2026-09-22,"TITLE-ABS-KEY((""JEPA"" OR ""joint embedding predictive architecture"" OR ""V-JEPA"" OR ""I-JEPA"") AND (""video"" OR ""visual"" OR ""image"" OR ""representation"")) AND PUBYEAR > 2017 AND DOCTYPE(ar)",Data-driven modelling of autonomous and forced dynamical systems,Szalai R.,2026,Nonlinear Dynamics,10.1007/s11071-026-12820-1,https://doi.org/10.1007/s11071-026-12820-1,,journal-article,en,datadriven_modelling_of_autonomous_and_forced_dynamical_2026,,Cited by: 0
SCOPUS-0053,API,Scopus,2026-09-22,"TITLE-ABS-KEY((""JEPA"" OR ""joint embedding predictive architecture"" OR ""V-JEPA"" OR ""I-JEPA"") AND (""video"" OR ""visual"" OR ""image"" OR ""representation"")) AND PUBYEAR > 2017 AND DOCTYPE(ar)",Cosmos-Surg-DVRK: World Foundation Model-Based Automated Online Evaluation of Surgical Robot Policy Learning,Zbinden L.,2026,IEEE Robotics and Automation Letters,10.1109/LRA.2026.3675962,https://doi.org/10.1109/LRA.2026.3675962,,journal-article,en,cosmossurgdvrk_world_foundation_modelbased_automated_online_evaluation_2026,,Cited by: 0
SCOPUS-0054,API,Scopus,2026-09-22,"TITLE-ABS-KEY((""JEPA"" OR ""joint embedding predictive architecture"" OR ""V-JEPA"" OR ""I-JEPA"") AND (""video"" OR ""visual"" OR ""image"" OR ""representation"")) AND PUBYEAR > 2017 AND DOCTYPE(ar)",V2X-JEPA: Self-Supervised Multiagent Joint Embedding Predictive Architecture for Robust Vehicle-to-Everything Perception,Mayumu N.,2026,IEEE Internet of Things Journal,10.1109/JIOT.2026.3660030,https://doi.org/10.1109/JIOT.2026.3660030,,journal-article,en,v2xjepa_selfsupervised_multiagent_joint_embedding_predictive_architecture_2026,,Cited by: 3
SCOPUS-0055,API,Scopus,2026-09-22,"TITLE-ABS-KEY((""JEPA"" OR ""joint embedding predictive architecture"" OR ""V-JEPA"" OR ""I-JEPA"") AND (""video"" OR ""visual"" OR ""image"" OR ""representation"")) AND PUBYEAR > 2017 AND DOCTYPE(ar)",Time-Series JEPA for Predictive Remote Control Under Capacity-Limited Networks,Girgis A.M.,2026,IEEE Internet of Things Journal,10.1109/JIOT.2025.3650435,https://doi.org/10.1109/JIOT.2025.3650435,,journal-article,en,timeseries_jepa_for_predictive_remote_control_under_2026,,Cited by: 0
SCOPUS-0056,API,Scopus,2026-09-22,"TITLE-ABS-KEY((""JEPA"" OR ""joint embedding predictive architecture"" OR ""V-JEPA"" OR ""I-JEPA"") AND (""video"" OR ""visual"" OR ""image"" OR ""representation"")) AND PUBYEAR > 2017 AND DOCTYPE(ar)",Escaping the big data paradigm in self-supervised representation learning,Vélez-García C.,2026,Computer Vision and Image Understanding,10.1016/j.cviu.2026.104698,https://doi.org/10.1016/j.cviu.2026.104698,,journal-article,en,escaping_the_big_data_paradigm_in_selfsupervised_2026,,Cited by: 0
SCOPUS-0057,API,Scopus,2026-09-22,"TITLE-ABS-KEY((""JEPA"" OR ""joint embedding predictive architecture"" OR ""V-JEPA"" OR ""I-JEPA"") AND (""video"" OR ""visual"" OR ""image"" OR ""representation"")) AND PUBYEAR > 2017 AND DOCTYPE(ar)",Exploring joint embedding predictive architectures for pretraining convolutional neural networks,Kalapos A.,2026,Computer Vision and Image Understanding,10.1016/j.cviu.2025.104595,https://doi.org/10.1016/j.cviu.2025.104595,,journal-article,en,exploring_joint_embedding_predictive_architectures_for_pretraining_2026,,Cited by: 1
SCOPUS-0058,API,Scopus,2026-09-22,"TITLE-ABS-KEY((""JEPA"" OR ""joint embedding predictive architecture"" OR ""V-JEPA"" OR ""I-JEPA"") AND (""video"" OR ""visual"" OR ""image"" OR ""representation"")) AND PUBYEAR > 2017 AND DOCTYPE(ar)",ACT-JEPA: Novel Joint-Embedding Predictive Architecture for Efficient Policy Representation Learning,Vujinovic A.,2026,IEEE Access,10.1109/ACCESS.2026.3696039,https://doi.org/10.1109/ACCESS.2026.3696039,,journal-article,en,actjepa_novel_jointembedding_predictive_architecture_for_efficient_2026,,Cited by: 0
SCOPUS-0059,API,Scopus,2026-09-22,"TITLE-ABS-KEY((""JEPA"" OR ""joint embedding predictive architecture"" OR ""V-JEPA"" OR ""I-JEPA"") AND (""video"" OR ""visual"" OR ""image"" OR ""representation"")) AND PUBYEAR > 2017 AND DOCTYPE(ar)",Sat-JEPA-Diff: Caption-Guided Zero-RGB Satellite Image Forecasting via Self-Supervised Diffusion,Komurcu K.,2026,IEEE Geoscience and Remote Sensing Letters,10.1109/LGRS.2026.3708464,https://doi.org/10.1109/LGRS.2026.3708464,,journal-article,en,satjepadiff_captionguided_zerorgb_satellite_image_forecasting_via_2026,,Cited by: 0
SCOPUS-0060,API,Scopus,2026-09-22,"TITLE-ABS-KEY((""JEPA"" OR ""joint embedding predictive architecture"" OR ""V-JEPA"" OR ""I-JEPA"") AND (""video"" OR ""visual"" OR ""image"" OR ""representation"")) AND PUBYEAR > 2017 AND DOCTYPE(ar)",A Comprehensive Survey on Self-Supervised Learning on Computer Vision: Moving Beyond the Supervised Paradigm,Ohri K.,2026,IEEE Access,10.1109/ACCESS.2026.3722626,https://doi.org/10.1109/ACCESS.2026.3722626,,journal-article,en,a_comprehensive_survey_on_selfsupervised_learning_on_2026,,Cited by: 0
SCOPUS-0061,API,Scopus,2026-09-22,"TITLE-ABS-KEY((""JEPA"" OR ""joint embedding predictive architecture"" OR ""V-JEPA"" OR ""I-JEPA"") AND (""video"" OR ""visual"" OR ""image"" OR ""representation"")) AND PUBYEAR > 2017 AND DOCTYPE(ar)",A Novel Method to Create Digital Twin for Wireless Networks Under Data Scarcity,Shafique A.,2026,IEEE Open Journal of the Communications Society,10.1109/OJCOMS.2026.3725271,https://doi.org/10.1109/OJCOMS.2026.3725271,,journal-article,en,a_novel_method_to_create_digital_twin_2026,,Cited by: 0
SCOPUS-0062,API,Scopus,2026-09-22,"TITLE-ABS-KEY((""JEPA"" OR ""joint embedding predictive architecture"" OR ""V-JEPA"" OR ""I-JEPA"") AND (""video"" OR ""visual"" OR ""image"" OR ""representation"")) AND PUBYEAR > 2017 AND DOCTYPE(ar)",Contractive MASO-Generalized Predictors for Stable Latent-Space Learning in JEPA,Belloulata K.,2026,Transactions on Machine Learning Research,,,,journal-article,en,contractive_masogeneralized_predictors_for_stable_latentspace_learning_2026,,Cited by: 0
SCOPUS-0063,API,Scopus,2026-09-22,"TITLE-ABS-KEY((""JEPA"" OR ""joint embedding predictive architecture"" OR ""V-JEPA"" OR ""I-JEPA"") AND (""video"" OR ""visual"" OR ""image"" OR ""representation"")) AND PUBYEAR > 2017 AND DOCTYPE(ar)",Learning Latent Multimodal Dynamics for Optimized Resource Planning,Bou Chaaya C.,2026,IEEE Transactions on Wireless Communications,10.1109/TWC.2025.3644600,https://doi.org/10.1109/TWC.2025.3644600,,journal-article,en,learning_latent_multimodal_dynamics_for_optimized_resource_2026,,Cited by: 0
SCOPUS-0064,API,Scopus,2026-09-22,"TITLE-ABS-KEY((""JEPA"" OR ""joint embedding predictive architecture"" OR ""V-JEPA"" OR ""I-JEPA"") AND (""video"" OR ""visual"" OR ""image"" OR ""representation"")) AND PUBYEAR > 2017 AND DOCTYPE(ar)",Reconstruction Meets Prediction: Complementary SSL Objectives for Music Transcription,Pilataki M.,2026,IEEE Signal Processing Letters,10.1109/LSP.2026.3704065,https://doi.org/10.1109/LSP.2026.3704065,,journal-article,en,reconstruction_meets_prediction_complementary_ssl_objectives_for_2026,,Cited by: 0
SCOPUS-0065,API,Scopus,2026-09-22,"TITLE-ABS-KEY((""JEPA"" OR ""joint embedding predictive architecture"" OR ""V-JEPA"" OR ""I-JEPA"") AND (""video"" OR ""visual"" OR ""image"" OR ""representation"")) AND PUBYEAR > 2017 AND DOCTYPE(ar)","Artificial Intelligence Models for Predicting Triage in Emergency Departments: Seven-Month Retrospective Comparative Study of Natural Language Processing, Large Language Model, and Joint Embedding Predictive Architectures",Lansiaux E.,2026,Jmir Medical Informatics,10.2196/83318,https://doi.org/10.2196/83318,,journal-article,en,artificial_intelligence_models_for_predicting_triage_in_2026,,Cited by: 5
SCOPUS-0066,API,Scopus,2026-09-22,"TITLE-ABS-KEY((""JEPA"" OR ""joint embedding predictive architecture"" OR ""V-JEPA"" OR ""I-JEPA"") AND (""video"" OR ""visual"" OR ""image"" OR ""representation"")) AND PUBYEAR > 2017 AND DOCTYPE(ar)",Uncertainty-aware deep neural network for multi-scale temporal modeling in industrial equipment prognostics,Zhang B.,2026,Advanced Manufacturing,10.55092/am20260007,https://doi.org/10.55092/am20260007,,journal-article,en,uncertaintyaware_deep_neural_network_for_multiscale_temporal_2026,,Cited by: 0
SCOPUS-0067,API,Scopus,2026-09-22,"TITLE-ABS-KEY((""JEPA"" OR ""joint embedding predictive architecture"" OR ""V-JEPA"" OR ""I-JEPA"") AND (""video"" OR ""visual"" OR ""image"" OR ""representation"")) AND PUBYEAR > 2017 AND DOCTYPE(ar)",Self-Supervised Hyperspectral Learning for Leaf Multitrait Prediction With Sparse Labels,Su C.,2026,IEEE Transactions on Geoscience and Remote Sensing,10.1109/TGRS.2026.3665747,https://doi.org/10.1109/TGRS.2026.3665747,,journal-article,en,selfsupervised_hyperspectral_learning_for_leaf_multitrait_prediction_2026,,Cited by: 0
SCOPUS-0068,API,Scopus,2026-09-22,"TITLE-ABS-KEY((""JEPA"" OR ""joint embedding predictive architecture"" OR ""V-JEPA"" OR ""I-JEPA"") AND (""video"" OR ""visual"" OR ""image"" OR ""representation"")) AND PUBYEAR > 2017 AND DOCTYPE(ar)",Unified Table Understanding Via Context-Aware Cell Embedding Learning,Tchuitcheu W.C.,2026,IEEE Transactions on Knowledge and Data Engineering,10.1109/TKDE.2026.3731233,https://doi.org/10.1109/TKDE.2026.3731233,,journal-article,en,unified_table_understanding_via_contextaware_cell_embedding_2026,,Cited by: 0
SCOPUS-0069,API,Scopus,2026-09-22,"TITLE-ABS-KEY((""JEPA"" OR ""joint embedding predictive architecture"" OR ""V-JEPA"" OR ""I-JEPA"") AND (""video"" OR ""visual"" OR ""image"" OR ""representation"")) AND PUBYEAR > 2017 AND DOCTYPE(ar)",Superpixel-graph self-supervised pretraining with joint-embedding and contrastive objectives for wound image segmentation,Lukashchuk B.,2026,Advances in Science and Technology Research Journal,10.12913/22998624/224196,https://doi.org/10.12913/22998624/224196,,journal-article,en,superpixelgraph_selfsupervised_pretraining_with_jointembedding_and_contrastive_2026,,Cited by: 0
SCOPUS-0070,API,Scopus,2026-09-22,"TITLE-ABS-KEY((""JEPA"" OR ""joint embedding predictive architecture"" OR ""V-JEPA"" OR ""I-JEPA"") AND (""video"" OR ""visual"" OR ""image"" OR ""representation"")) AND PUBYEAR > 2017 AND DOCTYPE(ar)",The new-generation artificial neural networks in the 21st century — embodied cognitive neural networks: a review,Bao H.,2026,Journal of Image and Graphics,10.11834/jig.260112,https://doi.org/10.11834/jig.260112,,journal-article,en,the_newgeneration_artificial_neural_networks_in_the_2026,,Cited by: 0
SCOPUS-0071,API,Scopus,2026-09-22,"TITLE-ABS-KEY((""JEPA"" OR ""joint embedding predictive architecture"" OR ""V-JEPA"" OR ""I-JEPA"") AND (""video"" OR ""visual"" OR ""image"" OR ""representation"")) AND PUBYEAR > 2017 AND DOCTYPE(ar)",PointGFAE: density-aware and attention-enhanced feature learning for point cloud classification,Wu J.,2025,Journal of Electronic Imaging,10.1117/1.JEI.34.6.063013,https://doi.org/10.1117/1.JEI.34.6.063013,,journal-article,en,pointgfae_densityaware_and_attentionenhanced_feature_learning_for_2025,,Cited by: 0
SCOPUS-0072,API,Scopus,2026-09-22,"TITLE-ABS-KEY((""JEPA"" OR ""joint embedding predictive architecture"" OR ""V-JEPA"" OR ""I-JEPA"") AND (""video"" OR ""visual"" OR ""image"" OR ""representation"")) AND PUBYEAR > 2017 AND DOCTYPE(ar)",Self-supervised pre-training with joint-embedding predictive architecture boosts ECG classification performance,Weimann K.,2025,Computers in Biology and Medicine,10.1016/j.compbiomed.2025.110809,https://doi.org/10.1016/j.compbiomed.2025.110809,,journal-article,en,selfsupervised_pretraining_with_jointembedding_predictive_architecture_boosts_2025,,Cited by: 4
SCOPUS-0073,API,Scopus,2026-09-22,"TITLE-ABS-KEY((""JEPA"" OR ""joint embedding predictive architecture"" OR ""V-JEPA"" OR ""I-JEPA"") AND (""video"" OR ""visual"" OR ""image"" OR ""representation"")) AND PUBYEAR > 2017 AND DOCTYPE(ar)",Graph-level Representation Learning with Joint-Embedding Predictive Architectures,Skenderi G.,2025,Transactions on Machine Learning Research,,,,journal-article,en,graphlevel_representation_learning_with_jointembedding_predictive_architectures_2025,,Cited by: 1
SCOPUS-0074,API,Scopus,2026-09-22,"TITLE-ABS-KEY((""JEPA"" OR ""joint embedding predictive architecture"" OR ""V-JEPA"" OR ""I-JEPA"") AND (""video"" OR ""visual"" OR ""image"" OR ""representation"")) AND PUBYEAR > 2017 AND DOCTYPE(ar)",Learning Latent Wireless Dynamics From Channel State Information,Chaaya C.B.,2025,IEEE Wireless Communications Letters,10.1109/LWC.2024.3510943,https://doi.org/10.1109/LWC.2024.3510943,,journal-article,en,learning_latent_wireless_dynamics_from_channel_state_2025,,Cited by: 6
SCOPUS-0075,API,Scopus,2026-09-22,"TITLE-ABS-KEY((""JEPA"" OR ""joint embedding predictive architecture"" OR ""V-JEPA"" OR ""I-JEPA"") AND (""video"" OR ""visual"" OR ""image"" OR ""representation"")) AND PUBYEAR > 2017 AND DOCTYPE(ar)",Self-Supervised Learning for Temporal Action Segmentation in Industrial and Manufacturing Videos,Vybornova Y.,2025,IEEE Access,10.1109/ACCESS.2025.3545768,https://doi.org/10.1109/ACCESS.2025.3545768,,journal-article,en,selfsupervised_learning_for_temporal_action_segmentation_in_2025,,Cited by: 5
SCOPUS-0076,API,Scopus,2026-09-22,"TITLE-ABS-KEY((""JEPA"" OR ""joint embedding predictive architecture"" OR ""V-JEPA"" OR ""I-JEPA"") AND (""video"" OR ""visual"" OR ""image"" OR ""representation"")) AND PUBYEAR > 2017 AND DOCTYPE(ar)",Predicting gradient is better: Exploring self-supervised learning for SAR ATR with a joint-embedding predictive architecture,Li W.,2024,ISPRS Journal of Photogrammetry and Remote Sensing,10.1016/j.isprsjprs.2024.09.013,https://doi.org/10.1016/j.isprsjprs.2024.09.013,,journal-article,en,predicting_gradient_is_better_exploring_selfsupervised_learning_2024,,Cited by: 84
SCOPUS-0077,API,Scopus,2026-09-22,"TITLE-ABS-KEY((""JEPA"" OR ""joint embedding predictive architecture"" OR ""V-JEPA"" OR ""I-JEPA"") AND (""video"" OR ""visual"" OR ""image"" OR ""representation"")) AND PUBYEAR > 2017 AND DOCTYPE(ar)",Revisiting Feature Prediction for Learning Visual Representations from Video,,2024,Transactions on Machine Learning Research,,,,journal-article,en,revisiting_feature_prediction_for_learning_visual_representations_2024,,Cited by: 25
SCOPUS-0078,API,Scopus,2026-09-22,"TITLE-ABS-KEY((""JEPA"" OR ""joint embedding predictive architecture"" OR ""V-JEPA"" OR ""I-JEPA"") AND (""video"" OR ""visual"" OR ""image"" OR ""representation"")) AND PUBYEAR > 2017 AND DOCTYPE(ar)",JEP-KD: Joint-Embedding Predictive Architecture Based Knowledge Distillation for Visual Speech Recognition,Sun C.,2024,IEEE Open Journal of Signal Processing,10.1109/OJSP.2024.3496819,https://doi.org/10.1109/OJSP.2024.3496819,,journal-article,en,jepkd_jointembedding_predictive_architecture_based_knowledge_distillation_2024,,Cited by: 2
SCOPUS-0079,API,Scopus,2026-09-22,"TITLE-ABS-KEY((""generative world model"" OR ""diffusion world model"" OR ""video world model"")) AND PUBYEAR > 2017 AND DOCTYPE(ar)",Safe online reinforcement learning with diffusion world model and Langevin dynamics,Liu J.,2026,Expert Systems with Applications,10.1016/j.eswa.2026.131278,https://doi.org/10.1016/j.eswa.2026.131278,,journal-article,en,safe_online_reinforcement_learning_with_diffusion_world_2026,,Cited by: 0
SCOPUS-0080,API,Scopus,2026-09-22,"TITLE-ABS-KEY((""generative world model"" OR ""diffusion world model"" OR ""video world model"")) AND PUBYEAR > 2017 AND DOCTYPE(ar)",Offline Inverse Constrained Reinforcement Learning for Safe-Critical Decision Making in Healthcare,Fang N.,2026,IEEE Transactions on Artificial Intelligence,10.1109/TAI.2025.3610390,https://doi.org/10.1109/TAI.2025.3610390,,journal-article,en,offline_inverse_constrained_reinforcement_learning_for_safecritical_2026,,Cited by: 4
SCOPUS-0081,API,Scopus,2026-09-22,"TITLE-ABS-KEY((""generative world model"" OR ""diffusion world model"" OR ""video world model"")) AND PUBYEAR > 2017 AND DOCTYPE(ar)",World Model for Autonomous Information Freshness in Sparse-Reward Mobile Edge Networks,Wang X.,2026,IEEE Wireless Communications Letters,10.1109/LWC.2026.3680215,https://doi.org/10.1109/LWC.2026.3680215,,journal-article,en,world_model_for_autonomous_information_freshness_in_2026,,Cited by: 0
SCOPUS-0082,API,Scopus,2026-09-22,"TITLE-ABS-KEY((""generative world model"" OR ""diffusion world model"" OR ""video world model"")) AND PUBYEAR > 2017 AND DOCTYPE(ar)",A Multi-Fidelity Control Variate Approach for Policy Gradient Estimation,Liu X.,2026,Transactions on Machine Learning Research,,,,journal-article,en,a_multifidelity_control_variate_approach_for_policy_2026,,Cited by: 0
SCOPUS-0083,API,Scopus,2026-09-22,"TITLE-ABS-KEY((""generative world model"" OR ""diffusion world model"" OR ""video world model"")) AND PUBYEAR > 2017 AND DOCTYPE(ar)",Adaptive consolidation of active inference: excitatory and inhibitory mechanisms for organizing feedforward and feedback memory systems in sleep,Tucker D.M.,2025,Cerebral Cortex,10.1093/cercor/bhaf122,https://doi.org/10.1093/cercor/bhaf122,,journal-article,en,adaptive_consolidation_of_active_inference_excitatory_and_2025,,Cited by: 9
SCOPUS-0084,API,Scopus,2026-09-22,"TITLE-ABS-KEY((""generative world model"" OR ""diffusion world model"" OR ""video world model"")) AND PUBYEAR > 2017 AND DOCTYPE(ar)",Dream to Adapt: Meta Reinforcement Learning by Latent Context Imagination and MDP Imagination,Wen L.,2024,IEEE Robotics and Automation Letters,10.1109/LRA.2024.3417114,https://doi.org/10.1109/LRA.2024.3417114,,journal-article,en,dream_to_adapt_meta_reinforcement_learning_by_2024,,Cited by: 12
SCOPUS-0085,API,Scopus,2026-09-22,"TITLE-ABS-KEY((""action-conditioned"" AND ""world model"" AND video)) AND PUBYEAR > 2017 AND DOCTYPE(ar)",WorldArena: A unified benchmark for evaluating perception and functional utility of embodied world models,Shang Y.,2026,AI Open,10.1016/j.aiopen.2026.07.002,https://doi.org/10.1016/j.aiopen.2026.07.002,,journal-article,en,worldarena_a_unified_benchmark_for_evaluating_perception_2026,,Cited by: 0
SCOPUS-0086,API,Scopus,2026-09-22,"TITLE-ABS-KEY((""action-conditioned"" AND ""world model"" AND video)) AND PUBYEAR > 2017 AND DOCTYPE(ar)",Frontier trends and top 10 advances in 3D vision in 2025,Liu Y.,2026,Journal of Image and Graphics,10.11834/jig.260114,https://doi.org/10.11834/jig.260114,,journal-article,en,frontier_trends_and_top_10_advances_in_2026,,Cited by: 0
